,survived,pclass,sex,age,sibsp,parch,fare,embarked,class,who,adult_male,embark_town,alive,alone
0,0,3,male,22.0,1,0,7.25,S,Third,man,True,Southampton,no,False
2,1,3,female,26.0,0,0,7.925,S,Third,woman,False,Southampton,yes,True
3,1,1,female,35.0,1,0,53.1,S,First,woman,False,Southampton,yes,False
4,0,3,male,35.0,0,0,8.05,S,Third,man,True,Southampton,no,True
5,0,3,male,29.69911764705882,0,0,8.4583,Q,Third,man,True,Queenstown,no,True
6,0,1,male,54.0,0,0,51.8625,S,First,man,True,Southampton,no,True
7,0,3,male,2.0,3,1,21.075,S,Third,child,False,Southampton,no,False
8,1,3,female,27.0,0,2,11.1333,S,Third,woman,False,Southampton,yes,False
9,1,2,female,14.0,1,0,30.0708,C,Second,child,False,Cherbourg,yes,False
10,1,3,female,4.0,1,1,16.7,S,Third,child,False,Southampton,yes,False
11,1,1,female,58.0,0,0,26.55,S,First,woman,False,Southampton,yes,True
12,0,3,male,20.0,0,0,8.05,S,Third,man,True,Southampton,no,True
13,0,3,male,39.0,1,5,31.275,S,Third,man,True,Southampton,no,False
14,0,3,female,14.0,0,0,7.8542,S,Third,child,False,Southampton,no,True
15,1,2,female,55.0,0,0,16.0,S,Second,woman,False,Southampton,yes,True
16,0,3,male,2.0,4,1,29.125,Q,Third,child,False,Queenstown,no,False
17,1,2,male,29.69911764705882,0,0,13.0,S,Second,man,True,Southampton,yes,True
18,0,3,female,31.0,1,0,18.0,S,Third,woman,False,Southampton,no,False
19,1,3,female,29.69911764705882,0,0,7.225,C,Third,woman,False,Cherbourg,yes,True
20,0,2,male,35.0,0,0,26.0,S,Second,man,True,Southampton,no,True
21,1,2,male,34.0,0,0,13.0,S,Second,man,True,Southampton,yes,True
22,1,3,female,15.0,0,0,8.0292,Q,Third,child,False,Queenstown,yes,True
23,1,1,male,28.0,0,0,35.5,S,First,man,True,Southampton,yes,True
24,0,3,female,8.0,3,1,21.075,S,Third,child,False,Southampton,no,False
25,1,3,female,38.0,1,5,31.3875,S,Third,woman,False,Southampton,yes,False
26,0,3,male,29.69911764705882,0,0,7.225,C,Third,man,True,Cherbourg,no,True
28,1,3,female,29.69911764705882,0,0,7.8792,Q,Third,woman,False,Queenstown,yes,True
29,0,3,male,29.69911764705882,0,0,7.8958,S,Third,man,True,Southampton,no,True
30,0,1,male,40.0,0,0,27.7208,C,First,man,True,Cherbourg,no,True
32,1,3,female,29.69911764705882,0,0,7.75,Q,Third,woman,False,Queenstown,yes,True
35,0,1,male,42.0,1,0,52.0,S,First,man,True,Southampton,no,False
36,1,3,male,29.69911764705882,0,0,7.2292,C,Third,man,True,Cherbourg,yes,True
37,0,3,male,21.0,0,0,8.05,S,Third,man,True,Southampton,no,True
38,0,3,female,18.0,2,0,18.0,S,Third,woman,False,Southampton,no,False
39,1,3,female,14.0,1,0,11.2417,C,Third,child,False,Cherbourg,yes,False
40,0,3,female,40.0,1,0,9.475,S,Third,woman,False,Southampton,no,False
41,0,2,female,27.0,1,0,21.0,S,Second,woman,False,Southampton,no,False
42,0,3,male,29.69911764705882,0,0,7.8958,C,Third,man,True,Cherbourg,no,True
43,1,2,female,3.0,1,2,41.5792,C,Second,child,False,Cherbourg,yes,False
44,1,3,female,19.0,0,0,7.8792,Q,Third,woman,False,Queenstown,yes,True
45,0,3,male,29.69911764705882,0,0,8.05,S,Third,man,True,Southampton,no,True
46,0,3,male,29.69911764705882,1,0,15.5,Q,Third,man,True,Queenstown,no,False
48,0,3,male,29.69911764705882,2,0,21.6792,C,Third,man,True,Cherbourg,no,False
49,0,3,female,18.0,1,0,17.8,S,Third,woman,False,Southampton,no,False
50,0,3,male,7.0,4,1,39.6875,S,Third,child,False,Southampton,no,False
51,0,3,male,21.0,0,0,7.8,S,Third,man,True,Southampton,no,True
53,1,2,female,29.0,1,0,26.0,S,Second,woman,False,Southampton,yes,False
55,1,1,male,29.69911764705882,0,0,35.5,S,First,man,True,Southampton,yes,True
56,1,2,female,21.0,0,0,10.5,S,Second,woman,False,Southampton,yes,True
57,0,3,male,28.5,0,0,7.2292,C,Third,man,True,Cherbourg,no,True
58,1,2,female,5.0,1,2,27.75,S,Second,child,False,Southampton,yes,False
59,0,3,male,11.0,5,2,46.9,S,Third,child,False,Southampton,no,False
60,0,3,male,22.0,0,0,7.2292,C,Third,man,True,Cherbourg,no,True
63,0,3,male,4.0,3,2,27.9,S,Third,child,False,Southampton,no,False
64,0,1,male,29.69911764705882,0,0,27.7208,C,First,man,True,Cherbourg,no,True
65,1,3,male,29.69911764705882,1,1,15.2458,C,Third,man,True,Cherbourg,yes,False
66,1,2,female,29.0,0,0,10.5,S,Second,woman,False,Southampton,yes,True
67,0,3,male,19.0,0,0,8.1583,S,Third,man,True,Southampton,no,True
68,1,3,female,17.0,4,2,7.925,S,Third,woman,False,Southampton,yes,False
69,0,3,male,26.0,2,0,8.6625,S,Third,man,True,Southampton,no,False
70,0,2,male,32.0,0,0,10.5,S,Second,man,True,Southampton,no,True
71,0,3,female,16.0,5,2,46.9,S,Third,woman,False,Southampton,no,False
73,0,3,male,26.0,1,0,14.4542,C,Third,man,True,Cherbourg,no,False
74,1,3,male,32.0,0,0,56.4958,S,Third,man,True,Southampton,yes,True
75,0,3,male,25.0,0,0,7.65,S,Third,man,True,Southampton,no,True
78,1,2,male,0.83,0,2,29.0,S,Second,child,False,Southampton,yes,False
79,1,3,female,30.0,0,0,12.475,S,Third,woman,False,Southampton,yes,True
80,0,3,male,22.0,0,0,9.0,S,Third,man,True,Southampton,no,True
81,1,3,male,29.0,0,0,9.5,S,Third,man,True,Southampton,yes,True
82,1,3,female,29.69911764705882,0,0,7.7875,Q,Third,woman,False,Queenstown,yes,True
83,0,1,male,28.0,0,0,47.1,S,First,man,True,Southampton,no,True
84,1,2,female,17.0,0,0,10.5,S,Second,woman,False,Southampton,yes,True
85,1,3,female,33.0,3,0,15.85,S,Third,woman,False,Southampton,yes,False
86,0,3,male,16.0,1,3,34.375,S,Third,man,True,Southampton,no,False
89,0,3,male,24.0,0,0,8.05,S,Third,man,True,Southampton,no,True
90,0,3,male,29.0,0,0,8.05,S,Third,man,True,Southampton,no,True
91,0,3,male,20.0,0,0,7.8542,S,Third,man,True,Southampton,no,True
92,0,1,male,46.0,1,0,61.175,S,First,man,True,Southampton,no,False
93,0,3,male,26.0,1,2,20.575,S,Third,man,True,Southampton,no,False
94,0,3,male,59.0,0,0,7.25,S,Third,man,True,Southampton,no,True
97,1,1,male,23.0,0,1,63.3583,C,First,man,True,Cherbourg,yes,False
98,1,2,female,34.0,0,1,23.0,S,Second,woman,False,Southampton,yes,False
99,0,2,male,34.0,1,0,26.0,S,Second,man,True,Southampton,no,False
100,0,3,female,28.0,0,0,7.8958,S,Third,woman,False,Southampton,no,True
103,0,3,male,33.0,0,0,8.6542,S,Third,man,True,Southampton,no,True
104,0,3,male,37.0,2,0,7.925,S,Third,man,True,Southampton,no,False
105,0,3,male,28.0,0,0,7.8958,S,Third,man,True,Southampton,no,True
106,1,3,female,21.0,0,0,7.65,S,Third,woman,False,Southampton,yes,True
107,1,3,male,29.69911764705882,0,0,7.775,S,Third,man,True,Southampton,yes,True
108,0,3,male,38.0,0,0,7.8958,S,Third,man,True,Southampton,no,True
109,1,3,female,29.69911764705882,1,0,24.15,Q,Third,woman,False,Queenstown,yes,False
110,0,1,male,47.0,0,0,52.0,S,First,man,True,Southampton,no,True
111,0,3,female,14.5,1,0,14.4542,C,Third,child,False,Cherbourg,no,False
112,0,3,male,22.0,0,0,8.05,S,Third,man,True,Southampton,no,True
113,0,3,female,20.0,1,0,9.825,S,Third,woman,False,Southampton,no,False
114,0,3,female,17.0,0,0,14.4583,C,Third,woman,False,Cherbourg,no,True
115,0,3,male,21.0,0,0,7.925,S,Third,man,True,Southampton,no,True
117,0,2,male,29.0,1,0,21.0,S,Second,man,True,Southampton,no,False
119,0,3,female,2.0,4,2,31.275,S,Third,child,False,Southampton,no,False
122,0,2,male,32.5,1,0,30.0708,C,Second,man,True,Cherbourg,no,False
123,1,2,female,32.5,0,0,13.0,S,Second,woman,False,Southampton,yes,True
125,1,3,male,12.0,1,0,11.2417,C,Third,child,False,Cherbourg,yes,False
126,0,3,male,29.69911764705882,0,0,7.75,Q,Third,man,True,Queenstown,no,True
127,1,3,male,24.0,0,0,7.1417,S,Third,man,True,Southampton,yes,True
128,1,3,female,29.69911764705882,1,1,22.3583,C,Third,woman,False,Cherbourg,yes,False
129,0,3,male,45.0,0,0,6.975,S,Third,man,True,Southampton,no,True
130,0,3,male,33.0,0,0,7.8958,C,Third,man,True,Cherbourg,no,True
131,0,3,male,20.0,0,0,7.05,S,Third,man,True,Southampton,no,True
132,0,3,female,47.0,1,0,14.5,S,Third,woman,False,Southampton,no,False
134,0,2,male,25.0,0,0,13.0,S,Second,man,True,Southampton,no,True
135,0,2,male,23.0,0,0,15.0458,C,Second,man,True,Cherbourg,no,True
136,1,1,female,19.0,0,2,26.2833,S,First,woman,False,Southampton,yes,False
137,0,1,male,37.0,1,0,53.1,S,First,man,True,Southampton,no,False
138,0,3,male,16.0,0,0,9.2167,S,Third,man,True,Southampton,no,True
140,0,3,female,29.69911764705882,0,2,15.2458,C,Third,woman,False,Cherbourg,no,False
141,1,3,female,22.0,0,0,7.75,S,Third,woman,False,Southampton,yes,True
142,1,3,female,24.0,1,0,15.85,S,Third,woman,False,Southampton,yes,False
143,0,3,male,19.0,0,0,6.75,Q,Third,man,True,Queenstown,no,True
144,0,2,male,18.0,0,0,11.5,S,Second,man,True,Southampton,no,True
145,0,2,male,19.0,1,1,36.75,S,Second,man,True,Southampton,no,False
146,1,3,male,27.0,0,0,7.7958,S,Third,man,True,Southampton,yes,True
147,0,3,female,9.0,2,2,34.375,S,Third,child,False,Southampton,no,False
148,0,2,male,36.5,0,2,26.0,S,Second,man,True,Southampton,no,False
149,0,2,male,42.0,0,0,13.0,S,Second,man,True,Southampton,no,True
150,0,2,male,51.0,0,0,12.525,S,Second,man,True,Southampton,no,True
152,0,3,male,55.5,0,0,8.05,S,Third,man,True,Southampton,no,True
153,0,3,male,40.5,0,2,14.5,S,Third,man,True,Southampton,no,False
154,0,3,male,29.69911764705882,0,0,7.3125,S,Third,man,True,Southampton,no,True
155,0,1,male,51.0,0,1,61.3792,C,First,man,True,Cherbourg,no,False
156,1,3,female,16.0,0,0,7.7333,Q,Third,woman,False,Queenstown,yes,True
157,0,3,male,30.0,0,0,8.05,S,Third,man,True,Southampton,no,True
158,0,3,male,29.69911764705882,0,0,8.6625,S,Third,man,True,Southampton,no,True
160,0,3,male,44.0,0,1,16.1,S,Third,man,True,Southampton,no,False
161,1,2,female,40.0,0,0,15.75,S,Second,woman,False,Southampton,yes,True
162,0,3,male,26.0,0,0,7.775,S,Third,man,True,Southampton,no,True
163,0,3,male,17.0,0,0,8.6625,S,Third,man,True,Southampton,no,True
164,0,3,male,1.0,4,1,39.6875,S,Third,child,False,Southampton,no,False
165,1,3,male,9.0,0,2,20.525,S,Third,child,False,Southampton,yes,False
166,1,1,female,29.69911764705882,0,1,55.0,S,First,woman,False,Southampton,yes,False
167,0,3,female,45.0,1,4,27.9,S,Third,woman,False,Southampton,no,False
168,0,1,male,29.69911764705882,0,0,25.925,S,First,man,True,Southampton,no,True
169,0,3,male,28.0,0,0,56.4958,S,Third,man,True,Southampton,no,True
170,0,1,male,61.0,0,0,33.5,S,First,man,True,Southampton,no,True
171,0,3,male,4.0,4,1,29.125,Q,Third,child,False,Queenstown,no,False
172,1,3,female,1.0,1,1,11.1333,S,Third,child,False,Southampton,yes,False
174,0,1,male,56.0,0,0,30.6958,C,First,man,True,Cherbourg,no,True
175,0,3,male,18.0,1,1,7.8542,S,Third,man,True,Southampton,no,False
176,0,3,male,29.69911764705882,3,1,25.4667,S,Third,man,True,Southampton,no,False
177,0,1,female,50.0,0,0,28.7125,C,First,woman,False,Cherbourg,no,True
178,0,2,male,30.0,0,0,13.0,S,Second,man,True,Southampton,no,True
179,0,3,male,36.0,0,0,0.0,S,Third,man,True,Southampton,no,True
181,0,2,male,29.69911764705882,0,0,15.05,C,Second,man,True,Cherbourg,no,True
182,0,3,male,9.0,4,2,31.3875,S,Third,child,False,Southampton,no,False
183,1,2,male,1.0,2,1,39.0,S,Second,child,False,Southampton,yes,False
184,1,3,female,4.0,0,2,22.025,S,Third,child,False,Southampton,yes,False
185,0,1,male,29.69911764705882,0,0,50.0,S,First,man,True,Southampton,no,True
186,1,3,female,29.69911764705882,1,0,15.5,Q,Third,woman,False,Queenstown,yes,False
187,1,1,male,45.0,0,0,26.55,S,First,man,True,Southampton,yes,True
188,0,3,male,40.0,1,1,15.5,Q,Third,man,True,Queenstown,no,False
189,0,3,male,36.0,0,0,7.8958,S,Third,man,True,Southampton,no,True
190,1,2,female,32.0,0,0,13.0,S,Second,woman,False,Southampton,yes,True
191,0,2,male,19.0,0,0,13.0,S,Second,man,True,Southampton,no,True
192,1,3,female,19.0,1,0,7.8542,S,Third,woman,False,Southampton,yes,False
193,1,2,male,3.0,1,1,26.0,S,Second,child,False,Southampton,yes,False
194,1,1,female,44.0,0,0,27.7208,C,First,woman,False,Cherbourg,yes,True
197,0,3,male,42.0,0,1,8.4042,S,Third,man,True,Southampton,no,False
199,0,2,female,24.0,0,0,13.0,S,Second,woman,False,Southampton,no,True
200,0,3,male,28.0,0,0,9.5,S,Third,man,True,Southampton,no,True
202,0,3,male,34.0,0,0,6.4958,S,Third,man,True,Southampton,no,True
203,0,3,male,45.5,0,0,7.225,C,Third,man,True,Cherbourg,no,True
204,1,3,male,18.0,0,0,8.05,S,Third,man,True,Southampton,yes,True
205,0,3,female,2.0,0,1,10.4625,S,Third,child,False,Southampton,no,False
206,0,3,male,32.0,1,0,15.85,S,Third,man,True,Southampton,no,False
207,1,3,male,26.0,0,0,18.7875,C,Third,man,True,Cherbourg,yes,True
208,1,3,female,16.0,0,0,7.75,Q,Third,woman,False,Queenstown,yes,True
209,1,1,male,40.0,0,0,31.0,C,First,man,True,Cherbourg,yes,True
210,0,3,male,24.0,0,0,7.05,S,Third,man,True,Southampton,no,True
211,1,2,female,35.0,0,0,21.0,S,Second,woman,False,Southampton,yes,True
212,0,3,male,22.0,0,0,7.25,S,Third,man,True,Southampton,no,True
214,0,3,male,29.69911764705882,1,0,7.75,Q,Third,man,True,Queenstown,no,False
216,1,3,female,27.0,0,0,7.925,S,Third,woman,False,Southampton,yes,True
217,0,2,male,42.0,1,0,27.0,S,Second,man,True,Southampton,no,False
219,0,2,male,30.0,0,0,10.5,S,Second,man,True,Southampton,no,True
220,1,3,male,16.0,0,0,8.05,S,Third,man,True,Southampton,yes,True
221,0,2,male,27.0,0,0,13.0,S,Second,man,True,Southampton,no,True
222,0,3,male,51.0,0,0,8.05,S,Third,man,True,Southampton,no,True
225,0,3,male,22.0,0,0,9.35,S,Third,man,True,Southampton,no,True
226,1,2,male,19.0,0,0,10.5,S,Second,man,True,Southampton,yes,True
227,0,3,male,20.5,0,0,7.25,S,Third,man,True,Southampton,no,True
228,0,2,male,18.0,0,0,13.0,S,Second,man,True,Southampton,no,True
229,0,3,female,29.69911764705882,3,1,25.4667,S,Third,woman,False,Southampton,no,False
231,0,3,male,29.0,0,0,7.775,S,Third,man,True,Southampton,no,True
232,0,2,male,59.0,0,0,13.5,S,Second,man,True,Southampton,no,True
233,1,3,female,5.0,4,2,31.3875,S,Third,child,False,Southampton,yes,False
234,0,2,male,24.0,0,0,10.5,S,Second,man,True,Southampton,no,True
235,0,3,female,29.69911764705882,0,0,7.55,S,Third,woman,False,Southampton,no,True
236,0,2,male,44.0,1,0,26.0,S,Second,man,True,Southampton,no,False
237,1,2,female,8.0,0,2,26.25,S,Second,child,False,Southampton,yes,False
238,0,2,male,19.0,0,0,10.5,S,Second,man,True,Southampton,no,True
239,0,2,male,33.0,0,0,12.275,S,Second,man,True,Southampton,no,True
240,0,3,female,29.69911764705882,1,0,14.4542,C,Third,woman,False,Cherbourg,no,False
242,0,2,male,29.0,0,0,10.5,S,Second,man,True,Southampton,no,True
243,0,3,male,22.0,0,0,7.125,S,Third,man,True,Southampton,no,True
244,0,3,male,30.0,0,0,7.225,C,Third,man,True,Cherbourg,no,True
246,0,3,female,25.0,0,0,7.775,S,Third,woman,False,Southampton,no,True
247,1,2,female,24.0,0,2,14.5,S,Second,woman,False,Southampton,yes,False
248,1,1,male,37.0,1,1,52.5542,S,First,man,True,Southampton,yes,False
249,0,2,male,54.0,1,0,26.0,S,Second,man,True,Southampton,no,False
250,0,3,male,29.69911764705882,0,0,7.25,S,Third,man,True,Southampton,no,True
251,0,3,female,29.0,1,1,10.4625,S,Third,woman,False,Southampton,no,False
252,0,1,male,62.0,0,0,26.55,S,First,man,True,Southampton,no,True
253,0,3,male,30.0,1,0,16.1,S,Third,man,True,Southampton,no,False
254,0,3,female,41.0,0,2,20.2125,S,Third,woman,False,Southampton,no,False
255,1,3,female,29.0,0,2,15.2458,C,Third,woman,False,Cherbourg,yes,False
259,1,2,female,50.0,0,1,26.0,S,Second,woman,False,Southampton,yes,False
261,1,3,male,3.0,4,2,31.3875,S,Third,child,False,Southampton,yes,False
263,0,1,male,40.0,0,0,0.0,S,First,man,True,Southampton,no,True
264,0,3,female,29.69911764705882,0,0,7.75,Q,Third,woman,False,Queenstown,no,True
265,0,2,male,36.0,0,0,10.5,S,Second,man,True,Southampton,no,True
266,0,3,male,16.0,4,1,39.6875,S,Third,man,True,Southampton,no,False
267,1,3,male,25.0,1,0,7.775,S,Third,man,True,Southampton,yes,False
270,0,1,male,29.69911764705882,0,0,31.0,S,First,man,True,Southampton,no,True
271,1,3,male,25.0,0,0,0.0,S,Third,man,True,Southampton,yes,True
272,1,2,female,41.0,0,1,19.5,S,Second,woman,False,Southampton,yes,False
273,0,1,male,37.0,0,1,29.7,C,First,man,True,Cherbourg,no,False
276,0,3,female,45.0,0,0,7.75,S,Third,woman,False,Southampton,no,True
277,0,2,male,29.69911764705882,0,0,0.0,S,Second,man,True,Southampton,no,True
278,0,3,male,7.0,4,1,29.125,Q,Third,child,False,Queenstown,no,False
279,1,3,female,35.0,1,1,20.25,S,Third,woman,False,Southampton,yes,False
281,0,3,male,28.0,0,0,7.8542,S,Third,man,True,Southampton,no,True
282,0,3,male,16.0,0,0,9.5,S,Third,man,True,Southampton,no,True
283,1,3,male,19.0,0,0,8.05,S,Third,man,True,Southampton,yes,True
284,0,1,male,29.69911764705882,0,0,26.0,S,First,man,True,Southampton,no,True
285,0,3,male,33.0,0,0,8.6625,C,Third,man,True,Cherbourg,no,True
286,1,3,male,30.0,0,0,9.5,S,Third,man,True,Southampton,yes,True
287,0,3,male,22.0,0,0,7.8958,S,Third,man,True,Southampton,no,True
288,1,2,male,42.0,0,0,13.0,S,Second,man,True,Southampton,yes,True
289,1,3,female,22.0,0,0,7.75,Q,Third,woman,False,Queenstown,yes,True
292,0,2,male,36.0,0,0,12.875,C,Second,man,True,Cherbourg,no,True
293,0,3,female,24.0,0,0,8.85,S,Third,woman,False,Southampton,no,True
294,0,3,male,24.0,0,0,7.8958,S,Third,man,True,Southampton,no,True
296,0,3,male,23.5,0,0,7.2292,C,Third,man,True,Cherbourg,no,True
298,1,1,male,29.69911764705882,0,0,30.5,S,First,man,True,Southampton,yes,True
301,1,3,male,29.69911764705882,2,0,23.25,Q,Third,man,True,Queenstown,yes,False
302,0,3,male,19.0,0,0,0.0,S,Third,man,True,Southampton,no,True
303,1,2,female,29.69911764705882,0,0,12.35,Q,Second,woman,False,Queenstown,yes,True
308,0,2,male,30.0,1,0,24.0,C,Second,man,True,Cherbourg,no,False
309,1,1,female,30.0,0,0,56.9292,C,First,woman,False,Cherbourg,yes,True
312,0,2,female,26.0,1,1,26.0,S,Second,woman,False,Southampton,no,False
314,0,2,male,43.0,1,1,26.25,S,Second,man,True,Southampton,no,False
315,1,3,female,26.0,0,0,7.8542,S,Third,woman,False,Southampton,yes,True
316,1,2,female,24.0,1,0,26.0,S,Second,woman,False,Southampton,yes,False
317,0,2,male,54.0,0,0,14.0,S,Second,man,True,Southampton,no,True
321,0,3,male,27.0,0,0,7.8958,S,Third,man,True,Southampton,no,True
322,1,2,female,30.0,0,0,12.35,Q,Second,woman,False,Queenstown,yes,True
323,1,2,female,22.0,1,1,29.0,S,Second,woman,False,Southampton,yes,False
326,0,3,male,61.0,0,0,6.2375,S,Third,man,True,Southampton,no,True
327,1,2,female,36.0,0,0,13.0,S,Second,woman,False,Southampton,yes,True
328,1,3,female,31.0,1,1,20.525,S,Third,woman,False,Southampton,yes,False
329,1,1,female,16.0,0,1,57.9792,C,First,woman,False,Cherbourg,yes,False
330,1,3,female,29.69911764705882,2,0,23.25,Q,Third,woman,False,Queenstown,yes,False
331,0,1,male,45.5,0,0,28.5,S,First,man,True,Southampton,no,True
333,0,3,male,16.0,2,0,18.0,S,Third,man,True,Southampton,no,False
338,1,3,male,45.0,0,0,8.05,S,Third,man,True,Southampton,yes,True
339,0,1,male,45.0,0,0,35.5,S,First,man,True,Southampton,no,True
340,1,2,male,2.0,1,1,26.0,S,Second,child,False,Southampton,yes,False
342,0,2,male,28.0,0,0,13.0,S,Second,man,True,Southampton,no,True
344,0,2,male,36.0,0,0,13.0,S,Second,man,True,Southampton,no,True
345,1,2,female,24.0,0,0,13.0,S,Second,woman,False,Southampton,yes,True
346,1,2,female,40.0,0,0,13.0,S,Second,woman,False,Southampton,yes,True
347,1,3,female,29.69911764705882,1,0,16.1,S,Third,woman,False,Southampton,yes,False
348,1,3,male,3.0,1,1,15.9,S,Third,child,False,Southampton,yes,False
349,0,3,male,42.0,0,0,8.6625,S,Third,man,True,Southampton,no,True
350,0,3,male,23.0,0,0,9.225,S,Third,man,True,Southampton,no,True
351,0,1,male,29.69911764705882,0,0,35.0,S,First,man,True,Southampton,no,True
352,0,3,male,15.0,1,1,7.2292,C,Third,child,False,Cherbourg,no,False
353,0,3,male,25.0,1,0,17.8,S,Third,man,True,Southampton,no,False
356,1,1,female,22.0,0,1,55.0,S,First,woman,False,Southampton,yes,False
357,0,2,female,38.0,0,0,13.0,S,Second,woman,False,Southampton,no,True
360,0,3,male,40.0,1,4,27.9,S,Third,man,True,Southampton,no,False
361,0,2,male,29.0,1,0,27.7208,C,Second,man,True,Cherbourg,no,False
362,0,3,female,45.0,0,1,14.4542,C,Third,woman,False,Cherbourg,no,False
363,0,3,male,35.0,0,0,7.05,S,Third,man,True,Southampton,no,True
365,0,3,male,30.0,0,0,7.25,S,Third,man,True,Southampton,no,True
367,1,3,female,29.69911764705882,0,0,7.2292,C,Third,woman,False,Cherbourg,yes,True
370,1,1,male,25.0,1,0,55.4417,C,First,man,True,Cherbourg,yes,False
371,0,3,male,18.0,1,0,6.4958,S,Third,man,True,Southampton,no,False
372,0,3,male,19.0,0,0,8.05,S,Third,man,True,Southampton,no,True
374,0,3,female,3.0,3,1,21.075,S,Third,child,False,Southampton,no,False
376,1,3,female,22.0,0,0,7.25,S,Third,woman,False,Southampton,yes,True
378,0,3,male,20.0,0,0,4.0125,C,Third,man,True,Cherbourg,no,True
379,0,3,male,19.0,0,0,7.775,S,Third,man,True,Southampton,no,True
381,1,3,female,1.0,0,2,15.7417,C,Third,child,False,Cherbourg,yes,False
382,0,3,male,32.0,0,0,7.925,S,Third,man,True,Southampton,no,True
383,1,1,female,35.0,1,0,52.0,S,First,woman,False,Southampton,yes,False
386,0,3,male,1.0,5,2,46.9,S,Third,child,False,Southampton,no,False
388,0,3,male,29.69911764705882,0,0,7.7292,Q,Third,man,True,Queenstown,no,True
389,1,2,female,17.0,0,0,12.0,C,Second,woman,False,Cherbourg,yes,True
391,1,3,male,21.0,0,0,7.7958,S,Third,man,True,Southampton,yes,True
392,0,3,male,28.0,2,0,7.925,S,Third,man,True,Southampton,no,False
394,1,3,female,24.0,0,2,16.7,S,Third,woman,False,Southampton,yes,False
395,0,3,male,22.0,0,0,7.7958,S,Third,man,True,Southampton,no,True
396,0,3,female,31.0,0,0,7.8542,S,Third,woman,False,Southampton,no,True
397,0,2,male,46.0,0,0,26.0,S,Second,man,True,Southampton,no,True
398,0,2,male,23.0,0,0,10.5,S,Second,man,True,Southampton,no,True
399,1,2,female,28.0,0,0,12.65,S,Second,woman,False,Southampton,yes,True
400,1,3,male,39.0,0,0,7.925,S,Third,man,True,Southampton,yes,True
401,0,3,male,26.0,0,0,8.05,S,Third,man,True,Southampton,no,True
402,0,3,female,21.0,1,0,9.825,S,Third,woman,False,Southampton,no,False
403,0,3,male,28.0,1,0,15.85,S,Third,man,True,Southampton,no,False
404,0,3,female,20.0,0,0,8.6625,S,Third,woman,False,Southampton,no,True
405,0,2,male,34.0,1,0,21.0,S,Second,man,True,Southampton,no,False
406,0,3,male,51.0,0,0,7.75,S,Third,man,True,Southampton,no,True
407,1,2,male,3.0,1,1,18.75,S,Second,child,False,Southampton,yes,False
408,0,3,male,21.0,0,0,7.775,S,Third,man,True,Southampton,no,True
411,0,3,male,29.69911764705882,0,0,6.8583,Q,Third,man,True,Queenstown,no,True
414,1,3,male,44.0,0,0,7.925,S,Third,man,True,Southampton,yes,True
415,0,3,female,29.69911764705882,0,0,8.05,S,Third,woman,False,Southampton,no,True
416,1,2,female,34.0,1,1,32.5,S,Second,woman,False,Southampton,yes,False
417,1,2,female,18.0,0,2,13.0,S,Second,woman,False,Southampton,yes,False
419,0,3,female,10.0,0,2,24.15,S,Third,child,False,Southampton,no,False
421,0,3,male,21.0,0,0,7.7333,Q,Third,man,True,Queenstown,no,True
422,0,3,male,29.0,0,0,7.875,S,Third,man,True,Southampton,no,True
423,0,3,female,28.0,1,1,14.4,S,Third,woman,False,Southampton,no,False
424,0,3,male,18.0,1,1,20.2125,S,Third,man,True,Southampton,no,False
426,1,2,female,28.0,1,0,26.0,S,Second,woman,False,Southampton,yes,False
427,1,2,female,19.0,0,0,26.0,S,Second,woman,False,Southampton,yes,True
429,1,3,male,32.0,0,0,8.05,S,Third,man,True,Southampton,yes,True
430,1,1,male,28.0,0,0,26.55,S,First,man,True,Southampton,yes,True
432,1,2,female,42.0,1,0,26.0,S,Second,woman,False,Southampton,yes,False
433,0,3,male,17.0,0,0,7.125,S,Third,man,True,Southampton,no,True
434,0,1,male,50.0,1,0,55.9,S,First,man,True,Southampton,no,False
436,0,3,female,21.0,2,2,34.375,S,Third,woman,False,Southampton,no,False
437,1,2,female,24.0,2,3,18.75,S,Second,woman,False,Southampton,yes,False
439,0,2,male,31.0,0,0,10.5,S,Second,man,True,Southampton,no,True
440,1,2,female,45.0,1,1,26.25,S,Second,woman,False,Southampton,yes,False
441,0,3,male,20.0,0,0,9.5,S,Third,man,True,Southampton,no,True
442,0,3,male,25.0,1,0,7.775,S,Third,man,True,Southampton,no,False
443,1,2,female,28.0,0,0,13.0,S,Second,woman,False,Southampton,yes,True
444,1,3,male,29.69911764705882,0,0,8.1125,S,Third,man,True,Southampton,yes,True
446,1,2,female,13.0,0,1,19.5,S,Second,child,False,Southampton,yes,False
447,1,1,male,34.0,0,0,26.55,S,First,man,True,Southampton,yes,True
448,1,3,female,5.0,2,1,19.2583,C,Third,child,False,Cherbourg,yes,False
449,1,1,male,52.0,0,0,30.5,S,First,man,True,Southampton,yes,True
450,0,2,male,36.0,1,2,27.75,S,Second,man,True,Southampton,no,False
451,0,3,male,29.69911764705882,1,0,19.9667,S,Third,man,True,Southampton,no,False
452,0,1,male,30.0,0,0,27.75,C,First,man,True,Cherbourg,no,True
455,1,3,male,29.0,0,0,7.8958,C,Third,man,True,Cherbourg,yes,True
457,1,1,female,29.69911764705882,1,0,51.8625,S,First,woman,False,Southampton,yes,False
458,1,2,female,50.0,0,0,10.5,S,Second,woman,False,Southampton,yes,True
460,1,1,male,48.0,0,0,26.55,S,First,man,True,Southampton,yes,True
461,0,3,male,34.0,0,0,8.05,S,Third,man,True,Southampton,no,True
462,0,1,male,47.0,0,0,38.5,S,First,man,True,Southampton,no,True
463,0,2,male,48.0,0,0,13.0,S,Second,man,True,Southampton,no,True
465,0,3,male,38.0,0,0,7.05,S,Third,man,True,Southampton,no,True
467,0,1,male,56.0,0,0,26.55,S,First,man,True,Southampton,no,True
468,0,3,male,29.69911764705882,0,0,7.725,Q,Third,man,True,Queenstown,no,True
469,1,3,female,0.75,2,1,19.2583,C,Third,child,False,Cherbourg,yes,False
471,0,3,male,38.0,0,0,8.6625,S,Third,man,True,Southampton,no,True
472,1,2,female,33.0,1,2,27.75,S,Second,woman,False,Southampton,yes,False
473,1,2,female,23.0,0,0,13.7917,C,Second,woman,False,Cherbourg,yes,True
474,0,3,female,22.0,0,0,9.8375,S,Third,woman,False,Southampton,no,True
475,0,1,male,29.69911764705882,0,0,52.0,S,First,man,True,Southampton,no,True
477,0,3,male,29.0,1,0,7.0458,S,Third,man,True,Southampton,no,False
478,0,3,male,22.0,0,0,7.5208,S,Third,man,True,Southampton,no,True
479,1,3,female,2.0,0,1,12.2875,S,Third,child,False,Southampton,yes,False
480,0,3,male,9.0,5,2,46.9,S,Third,child,False,Southampton,no,False
482,0,3,male,50.0,0,0,8.05,S,Third,man,True,Southampton,no,True
483,1,3,female,63.0,0,0,9.5875,S,Third,woman,False,Southampton,yes,True
487,0,1,male,58.0,0,0,29.7,C,First,man,True,Cherbourg,no,True
489,1,3,male,9.0,1,1,15.9,S,Third,child,False,Southampton,yes,False
491,0,3,male,21.0,0,0,7.25,S,Third,man,True,Southampton,no,True
492,0,1,male,55.0,0,0,30.5,S,First,man,True,Southampton,no,True
495,0,3,male,29.69911764705882,0,0,14.4583,C,Third,man,True,Cherbourg,no,True
497,0,3,male,29.69911764705882,0,0,15.1,S,Third,man,True,Southampton,no,True
499,0,3,male,24.0,0,0,7.7958,S,Third,man,True,Southampton,no,True
501,0,3,female,21.0,0,0,7.75,Q,Third,woman,False,Queenstown,no,True
502,0,3,female,29.69911764705882,0,0,7.6292,Q,Third,woman,False,Queenstown,no,True
503,0,3,female,37.0,0,0,9.5875,S,Third,woman,False,Southampton,no,True
506,1,2,female,33.0,0,2,26.0,S,Second,woman,False,Southampton,yes,False
507,1,1,male,29.69911764705882,0,0,26.55,S,First,man,True,Southampton,yes,True
508,0,3,male,28.0,0,0,22.525,S,Third,man,True,Southampton,no,True
509,1,3,male,26.0,0,0,56.4958,S,Third,man,True,Southampton,yes,True
510,1,3,male,29.0,0,0,7.75,Q,Third,man,True,Queenstown,yes,True
512,1,1,male,36.0,0,0,26.2875,S,First,man,True,Southampton,yes,True
513,1,1,female,54.0,1,0,59.4,C,First,woman,False,Cherbourg,yes,False
514,0,3,male,24.0,0,0,7.4958,S,Third,man,True,Southampton,no,True
515,0,1,male,47.0,0,0,34.0208,S,First,man,True,Southampton,no,True
516,1,2,female,34.0,0,0,10.5,S,Second,woman,False,Southampton,yes,True
517,0,3,male,29.69911764705882,0,0,24.15,Q,Third,man,True,Queenstown,no,True
518,1,2,female,36.0,1,0,26.0,S,Second,woman,False,Southampton,yes,False
519,0,3,male,32.0,0,0,7.8958,S,Third,man,True,Southampton,no,True
523,1,1,female,44.0,0,1,57.9792,C,First,woman,False,Cherbourg,yes,False
524,0,3,male,29.69911764705882,0,0,7.2292,C,Third,man,True,Cherbourg,no,True
525,0,3,male,40.5,0,0,7.75,Q,Third,man,True,Queenstown,no,True
528,0,3,male,39.0,0,0,7.925,S,Third,man,True,Southampton,no,True
529,0,2,male,23.0,2,1,11.5,S,Second,man,True,Southampton,no,False
530,1,2,female,2.0,1,1,26.0,S,Second,child,False,Southampton,yes,False
532,0,3,male,17.0,1,1,7.2292,C,Third,man,True,Cherbourg,no,False
533,1,3,female,29.69911764705882,0,2,22.3583,C,Third,woman,False,Cherbourg,yes,False
534,0,3,female,30.0,0,0,8.6625,S,Third,woman,False,Southampton,no,True
535,1,2,female,7.0,0,2,26.25,S,Second,child,False,Southampton,yes,False
536,0,1,male,45.0,0,0,26.55,S,First,man,True,Southampton,no,True
538,0,3,male,29.69911764705882,0,0,14.5,S,Third,man,True,Southampton,no,True
539,1,1,female,22.0,0,2,49.5,C,First,woman,False,Cherbourg,yes,False
541,0,3,female,9.0,4,2,31.275,S,Third,child,False,Southampton,no,False
542,0,3,female,11.0,4,2,31.275,S,Third,child,False,Southampton,no,False
543,1,2,male,32.0,1,0,26.0,S,Second,man,True,Southampton,yes,False
545,0,1,male,64.0,0,0,26.0,S,First,man,True,Southampton,no,True
546,1,2,female,19.0,1,0,26.0,S,Second,woman,False,Southampton,yes,False
547,1,2,male,29.69911764705882,0,0,13.8625,C,Second,man,True,Cherbourg,yes,True
548,0,3,male,33.0,1,1,20.525,S,Third,man,True,Southampton,no,False
549,1,2,male,8.0,1,1,36.75,S,Second,child,False,Southampton,yes,False
551,0,2,male,27.0,0,0,26.0,S,Second,man,True,Southampton,no,True
552,0,3,male,29.69911764705882,0,0,7.8292,Q,Third,man,True,Queenstown,no,True
553,1,3,male,22.0,0,0,7.225,C,Third,man,True,Cherbourg,yes,True
554,1,3,female,22.0,0,0,7.775,S,Third,woman,False,Southampton,yes,True
556,1,1,female,48.0,1,0,39.6,C,First,woman,False,Cherbourg,yes,False
559,1,3,female,36.0,1,0,17.4,S,Third,woman,False,Southampton,yes,False
561,0,3,male,40.0,0,0,7.8958,S,Third,man,True,Southampton,no,True
562,0,2,male,28.0,0,0,13.5,S,Second,man,True,Southampton,no,True
565,0,3,male,24.0,2,0,24.15,S,Third,man,True,Southampton,no,False
566,0,3,male,19.0,0,0,7.8958,S,Third,man,True,Southampton,no,True
567,0,3,female,29.0,0,4,21.075,S,Third,woman,False,Southampton,no,False
569,1,3,male,32.0,0,0,7.8542,S,Third,man,True,Southampton,yes,True
570,1,2,male,62.0,0,0,10.5,S,Second,man,True,Southampton,yes,True
571,1,1,female,53.0,2,0,51.4792,S,First,woman,False,Southampton,yes,False
572,1,1,male,36.0,0,0,26.3875,S,First,man,True,Southampton,yes,True
574,0,3,male,16.0,0,0,8.05,S,Third,man,True,Southampton,no,True
575,0,3,male,19.0,0,0,14.5,S,Third,man,True,Southampton,no,True
576,1,2,female,34.0,0,0,13.0,S,Second,woman,False,Southampton,yes,True
577,1,1,female,39.0,1,0,55.9,S,First,woman,False,Southampton,yes,False
578,0,3,female,29.69911764705882,1,0,14.4583,C,Third,woman,False,Cherbourg,no,False
579,1,3,male,32.0,0,0,7.925,S,Third,man,True,Southampton,yes,True
580,1,2,female,25.0,1,1,30.0,S,Second,woman,False,Southampton,yes,False
582,0,2,male,54.0,0,0,26.0,S,Second,man,True,Southampton,no,True
583,0,1,male,36.0,0,0,40.125,C,First,man,True,Cherbourg,no,True
584,0,3,male,29.69911764705882,0,0,8.7125,C,Third,man,True,Cherbourg,no,True
586,0,2,male,47.0,0,0,15.0,S,Second,man,True,Southampton,no,True
590,0,3,male,35.0,0,0,7.125,S,Third,man,True,Southampton,no,True
592,0,3,male,47.0,0,0,7.25,S,Third,man,True,Southampton,no,True
593,0,3,female,29.69911764705882,0,2,7.75,Q,Third,woman,False,Queenstown,no,False
594,0,2,male,37.0,1,0,26.0,S,Second,man,True,Southampton,no,False
595,0,3,male,36.0,1,1,24.15,S,Third,man,True,Southampton,no,False
596,1,2,female,29.69911764705882,0,0,33.0,S,Second,woman,False,Southampton,yes,True
597,0,3,male,49.0,0,0,0.0,S,Third,man,True,Southampton,no,True
599,1,1,male,49.0,1,0,56.9292,C,First,man,True,Cherbourg,yes,False
600,1,2,female,24.0,2,1,27.0,S,Second,woman,False,Southampton,yes,False
602,0,1,male,29.69911764705882,0,0,42.4,S,First,man,True,Southampton,no,True
603,0,3,male,44.0,0,0,8.05,S,Third,man,True,Southampton,no,True
604,1,1,male,35.0,0,0,26.55,C,First,man,True,Cherbourg,yes,True
605,0,3,male,36.0,1,0,15.55,S,Third,man,True,Southampton,no,False
606,0,3,male,30.0,0,0,7.8958,S,Third,man,True,Southampton,no,True
607,1,1,male,27.0,0,0,30.5,S,First,man,True,Southampton,yes,True
608,1,2,female,22.0,1,2,41.5792,C,Second,woman,False,Cherbourg,yes,False
610,0,3,female,39.0,1,5,31.275,S,Third,woman,False,Southampton,no,False
611,0,3,male,29.69911764705882,0,0,7.05,S,Third,man,True,Southampton,no,True
615,1,2,female,24.0,1,2,65.0,S,Second,woman,False,Southampton,yes,False
616,0,3,male,34.0,1,1,14.4,S,Third,man,True,Southampton,no,False
617,0,3,female,26.0,1,0,16.1,S,Third,woman,False,Southampton,no,False
618,1,2,female,4.0,2,1,39.0,S,Second,child,False,Southampton,yes,False
619,0,2,male,26.0,0,0,10.5,S,Second,man,True,Southampton,no,True
620,0,3,male,27.0,1,0,14.4542,C,Third,man,True,Cherbourg,no,False
621,1,1,male,42.0,1,0,52.5542,S,First,man,True,Southampton,yes,False
622,1,3,male,20.0,1,1,15.7417,C,Third,man,True,Cherbourg,yes,False
623,0,3,male,21.0,0,0,7.8542,S,Third,man,True,Southampton,no,True
624,0,3,male,21.0,0,0,16.1,S,Third,man,True,Southampton,no,True
625,0,1,male,61.0,0,0,32.3208,S,First,man,True,Southampton,no,True
626,0,2,male,57.0,0,0,12.35,Q,Second,man,True,Queenstown,no,True
628,0,3,male,26.0,0,0,7.8958,S,Third,man,True,Southampton,no,True
629,0,3,male,29.69911764705882,0,0,7.7333,Q,Third,man,True,Queenstown,no,True
631,0,3,male,51.0,0,0,7.0542,S,Third,man,True,Southampton,no,True
632,1,1,male,32.0,0,0,30.5,C,First,man,True,Cherbourg,yes,True
633,0,1,male,29.69911764705882,0,0,0.0,S,First,man,True,Southampton,no,True
634,0,3,female,9.0,3,2,27.9,S,Third,child,False,Southampton,no,False
637,0,2,male,31.0,1,1,26.25,S,Second,man,True,Southampton,no,False
638,0,3,female,41.0,0,5,39.6875,S,Third,woman,False,Southampton,no,False
639,0,3,male,29.69911764705882,1,0,16.1,S,Third,man,True,Southampton,no,False
642,0,3,female,2.0,3,2,27.9,S,Third,child,False,Southampton,no,False
643,1,3,male,29.69911764705882,0,0,56.4958,S,Third,man,True,Southampton,yes,True
647,1,1,male,56.0,0,0,35.5,C,First,man,True,Cherbourg,yes,True
648,0,3,male,29.69911764705882,0,0,7.55,S,Third,man,True,Southampton,no,True
649,1,3,female,23.0,0,0,7.55,S,Third,woman,False,Southampton,yes,True
651,1,2,female,18.0,0,1,23.0,S,Second,woman,False,Southampton,yes,False
652,0,3,male,21.0,0,0,8.4333,S,Third,man,True,Southampton,no,True
653,1,3,female,29.69911764705882,0,0,7.8292,Q,Third,woman,False,Queenstown,yes,True
654,0,3,female,18.0,0,0,6.75,Q,Third,woman,False,Queenstown,no,True
657,0,3,female,32.0,1,1,15.5,Q,Third,woman,False,Queenstown,no,False
658,0,2,male,23.0,0,0,13.0,S,Second,man,True,Southampton,no,True
661,0,3,male,40.0,0,0,7.225,C,Third,man,True,Cherbourg,no,True
662,0,1,male,47.0,0,0,25.5875,S,First,man,True,Southampton,no,True
663,0,3,male,36.0,0,0,7.4958,S,Third,man,True,Southampton,no,True
664,1,3,male,20.0,1,0,7.925,S,Third,man,True,Southampton,yes,False
667,0,3,male,29.69911764705882,0,0,7.775,S,Third,man,True,Southampton,no,True
668,0,3,male,43.0,0,0,8.05,S,Third,man,True,Southampton,no,True
669,1,1,female,29.69911764705882,1,0,52.0,S,First,woman,False,Southampton,yes,False
670,1,2,female,40.0,1,1,39.0,S,Second,woman,False,Southampton,yes,False
671,0,1,male,31.0,1,0,52.0,S,First,man,True,Southampton,no,False
673,1,2,male,31.0,0,0,13.0,S,Second,man,True,Southampton,yes,True
675,0,3,male,18.0,0,0,7.775,S,Third,man,True,Southampton,no,True
676,0,3,male,24.5,0,0,8.05,S,Third,man,True,Southampton,no,True
677,1,3,female,18.0,0,0,9.8417,S,Third,woman,False,Southampton,yes,True
678,0,3,female,43.0,1,6,46.9,S,Third,woman,False,Southampton,no,False
680,0,3,female,29.69911764705882,0,0,8.1375,Q,Third,woman,False,Queenstown,no,True
682,0,3,male,20.0,0,0,9.225,S,Third,man,True,Southampton,no,True
683,0,3,male,14.0,5,2,46.9,S,Third,child,False,Southampton,no,False
684,0,2,male,60.0,1,1,39.0,S,Second,man,True,Southampton,no,False
685,0,2,male,25.0,1,2,41.5792,C,Second,man,True,Cherbourg,no,False
686,0,3,male,14.0,4,1,39.6875,S,Third,child,False,Southampton,no,False
687,0,3,male,19.0,0,0,10.1708,S,Third,man,True,Southampton,no,True
688,0,3,male,18.0,0,0,7.7958,S,Third,man,True,Southampton,no,True
690,1,1,male,31.0,1,0,57.0,S,First,man,True,Southampton,yes,False
691,1,3,female,4.0,0,1,13.4167,C,Third,child,False,Cherbourg,yes,False
693,0,3,male,25.0,0,0,7.225,C,Third,man,True,Cherbourg,no,True
694,0,1,male,60.0,0,0,26.55,S,First,man,True,Southampton,no,True
695,0,2,male,52.0,0,0,13.5,S,Second,man,True,Southampton,no,True
697,1,3,female,29.69911764705882,0,0,7.7333,Q,Third,woman,False,Queenstown,yes,True
699,0,3,male,42.0,0,0,7.65,S,Third,man,True,Southampton,no,True
701,1,1,male,35.0,0,0,26.2875,S,First,man,True,Southampton,yes,True
702,0,3,female,18.0,0,1,14.4542,C,Third,woman,False,Cherbourg,no,False
703,0,3,male,25.0,0,0,7.7417,Q,Third,man,True,Queenstown,no,True
704,0,3,male,26.0,1,0,7.8542,S,Third,man,True,Southampton,no,False
705,0,2,male,39.0,0,0,26.0,S,Second,man,True,Southampton,no,True
706,1,2,female,45.0,0,0,13.5,S,Second,woman,False,Southampton,yes,True
707,1,1,male,42.0,0,0,26.2875,S,First,man,True,Southampton,yes,True
710,1,1,female,24.0,0,0,49.5042,C,First,woman,False,Cherbourg,yes,True
711,0,1,male,29.69911764705882,0,0,26.55,S,First,man,True,Southampton,no,True
712,1,1,male,48.0,1,0,52.0,S,First,man,True,Southampton,yes,False
713,0,3,male,29.0,0,0,9.4833,S,Third,man,True,Southampton,no,True
714,0,2,male,52.0,0,0,13.0,S,Second,man,True,Southampton,no,True
715,0,3,male,19.0,0,0,7.65,S,Third,man,True,Southampton,no,True
717,1,2,female,27.0,0,0,10.5,S,Second,woman,False,Southampton,yes,True
718,0,3,male,29.69911764705882,0,0,15.5,Q,Third,man,True,Queenstown,no,True
719,0,3,male,33.0,0,0,7.775,S,Third,man,True,Southampton,no,True
720,1,2,female,6.0,0,1,33.0,S,Second,child,False,Southampton,yes,False
721,0,3,male,17.0,1,0,7.0542,S,Third,man,True,Southampton,no,False
722,0,2,male,34.0,0,0,13.0,S,Second,man,True,Southampton,no,True
723,0,2,male,50.0,0,0,13.0,S,Second,man,True,Southampton,no,True
724,1,1,male,27.0,1,0,53.1,S,First,man,True,Southampton,yes,False
725,0,3,male,20.0,0,0,8.6625,S,Third,man,True,Southampton,no,True
726,1,2,female,30.0,3,0,21.0,S,Second,woman,False,Southampton,yes,False
727,1,3,female,29.69911764705882,0,0,7.7375,Q,Third,woman,False,Queenstown,yes,True
728,0,2,male,25.0,1,0,26.0,S,Second,man,True,Southampton,no,False
729,0,3,female,25.0,1,0,7.925,S,Third,woman,False,Southampton,no,False
731,0,3,male,11.0,0,0,18.7875,C,Third,child,False,Cherbourg,no,True
735,0,3,male,28.5,0,0,16.1,S,Third,man,True,Southampton,no,True
736,0,3,female,48.0,1,3,34.375,S,Third,woman,False,Southampton,no,False
740,1,1,male,29.69911764705882,0,0,30.0,S,First,man,True,Southampton,yes,True
743,0,3,male,24.0,1,0,16.1,S,Third,man,True,Southampton,no,False
744,1,3,male,31.0,0,0,7.925,S,Third,man,True,Southampton,yes,True
746,0,3,male,16.0,1,1,20.25,S,Third,man,True,Southampton,no,False
747,1,2,female,30.0,0,0,13.0,S,Second,woman,False,Southampton,yes,True
748,0,1,male,19.0,1,0,53.1,S,First,man,True,Southampton,no,False
749,0,3,male,31.0,0,0,7.75,Q,Third,man,True,Queenstown,no,True
750,1,2,female,4.0,1,1,23.0,S,Second,child,False,Southampton,yes,False
751,1,3,male,6.0,0,1,12.475,S,Third,child,False,Southampton,yes,False
752,0,3,male,33.0,0,0,9.5,S,Third,man,True,Southampton,no,True
753,0,3,male,23.0,0,0,7.8958,S,Third,man,True,Southampton,no,True
754,1,2,female,48.0,1,2,65.0,S,Second,woman,False,Southampton,yes,False
755,1,2,male,0.67,1,1,14.5,S,Second,child,False,Southampton,yes,False
756,0,3,male,28.0,0,0,7.7958,S,Third,man,True,Southampton,no,True
761,0,3,male,41.0,0,0,7.125,S,Third,man,True,Southampton,no,True
762,1,3,male,20.0,0,0,7.2292,C,Third,man,True,Cherbourg,yes,True
764,0,3,male,16.0,0,0,7.775,S,Third,man,True,Southampton,no,True
766,0,1,male,29.69911764705882,0,0,39.6,C,First,man,True,Cherbourg,no,True
767,0,3,female,30.5,0,0,7.75,Q,Third,woman,False,Queenstown,no,True
768,0,3,male,29.69911764705882,1,0,24.15,Q,Third,man,True,Queenstown,no,False
769,0,3,male,32.0,0,0,8.3625,S,Third,man,True,Southampton,no,True
770,0,3,male,24.0,0,0,9.5,S,Third,man,True,Southampton,no,True
771,0,3,male,48.0,0,0,7.8542,S,Third,man,True,Southampton,no,True
772,0,2,female,57.0,0,0,10.5,S,Second,woman,False,Southampton,no,True
774,1,2,female,54.0,1,3,23.0,S,Second,woman,False,Southampton,yes,False
775,0,3,male,18.0,0,0,7.75,S,Third,man,True,Southampton,no,True
777,1,3,female,5.0,0,0,12.475,S,Third,child,False,Southampton,yes,True
778,0,3,male,29.69911764705882,0,0,7.7375,Q,Third,man,True,Queenstown,no,True
780,1,3,female,13.0,0,0,7.2292,C,Third,child,False,Cherbourg,yes,True
781,1,1,female,17.0,1,0,57.0,S,First,woman,False,Southampton,yes,False
782,0,1,male,29.0,0,0,30.0,S,First,man,True,Southampton,no,True
783,0,3,male,29.69911764705882,1,2,23.45,S,Third,man,True,Southampton,no,False
784,0,3,male,25.0,0,0,7.05,S,Third,man,True,Southampton,no,True
785,0,3,male,25.0,0,0,7.25,S,Third,man,True,Southampton,no,True
786,1,3,female,18.0,0,0,7.4958,S,Third,woman,False,Southampton,yes,True
787,0,3,male,8.0,4,1,29.125,Q,Third,child,False,Queenstown,no,False
788,1,3,male,1.0,1,2,20.575,S,Third,child,False,Southampton,yes,False
791,0,2,male,16.0,0,0,26.0,S,Second,man,True,Southampton,no,True
793,0,1,male,29.69911764705882,0,0,30.6958,C,First,man,True,Cherbourg,no,True
794,0,3,male,25.0,0,0,7.8958,S,Third,man,True,Southampton,no,True
795,0,2,male,39.0,0,0,13.0,S,Second,man,True,Southampton,no,True
796,1,1,female,49.0,0,0,25.9292,S,First,woman,False,Southampton,yes,True
797,1,3,female,31.0,0,0,8.6833,S,Third,woman,False,Southampton,yes,True
798,0,3,male,30.0,0,0,7.2292,C,Third,man,True,Cherbourg,no,True
799,0,3,female,30.0,1,1,24.15,S,Third,woman,False,Southampton,no,False
801,1,2,female,31.0,1,1,26.25,S,Second,woman,False,Southampton,yes,False
803,1,3,male,0.42,0,1,8.5167,C,Third,child,False,Cherbourg,yes,False
804,1,3,male,27.0,0,0,6.975,S,Third,man,True,Southampton,yes,True
805,0,3,male,31.0,0,0,7.775,S,Third,man,True,Southampton,no,True
806,0,1,male,39.0,0,0,0.0,S,First,man,True,Southampton,no,True
807,0,3,female,18.0,0,0,7.775,S,Third,woman,False,Southampton,no,True
809,1,1,female,33.0,1,0,53.1,S,First,woman,False,Southampton,yes,False
810,0,3,male,26.0,0,0,7.8875,S,Third,man,True,Southampton,no,True
811,0,3,male,39.0,0,0,24.15,S,Third,man,True,Southampton,no,True
812,0,2,male,35.0,0,0,10.5,S,Second,man,True,Southampton,no,True
813,0,3,female,6.0,4,2,31.275,S,Third,child,False,Southampton,no,False
814,0,3,male,30.5,0,0,8.05,S,Third,man,True,Southampton,no,True
816,0,3,female,23.0,0,0,7.925,S,Third,woman,False,Southampton,no,True
817,0,2,male,31.0,1,1,37.0042,C,Second,man,True,Cherbourg,no,False
818,0,3,male,43.0,0,0,6.45,S,Third,man,True,Southampton,no,True
819,0,3,male,10.0,3,2,27.9,S,Third,child,False,Southampton,no,False
821,1,3,male,27.0,0,0,8.6625,S,Third,man,True,Southampton,yes,True
822,0,1,male,38.0,0,0,0.0,S,First,man,True,Southampton,no,True
823,1,3,female,27.0,0,1,12.475,S,Third,woman,False,Southampton,yes,False
824,0,3,male,2.0,4,1,39.6875,S,Third,child,False,Southampton,no,False
825,0,3,male,29.69911764705882,0,0,6.95,Q,Third,man,True,Queenstown,no,True
826,0,3,male,29.69911764705882,0,0,56.4958,S,Third,man,True,Southampton,no,True
827,1,2,male,1.0,0,2,37.0042,C,Second,child,False,Cherbourg,yes,False
828,1,3,male,29.69911764705882,0,0,7.75,Q,Third,man,True,Queenstown,yes,True
830,1,3,female,15.0,1,0,14.4542,C,Third,child,False,Cherbourg,yes,False
831,1,2,male,0.83,1,1,18.75,S,Second,child,False,Southampton,yes,False
833,0,3,male,23.0,0,0,7.8542,S,Third,man,True,Southampton,no,True
834,0,3,male,18.0,0,0,8.3,S,Third,man,True,Southampton,no,True
836,0,3,male,21.0,0,0,8.6625,S,Third,man,True,Southampton,no,True
839,1,1,male,29.69911764705882,0,0,29.7,C,First,man,True,Cherbourg,yes,True
840,0,3,male,20.0,0,0,7.925,S,Third,man,True,Southampton,no,True
841,0,2,male,16.0,0,0,10.5,S,Second,man,True,Southampton,no,True
842,1,1,female,30.0,0,0,31.0,C,First,woman,False,Cherbourg,yes,True
843,0,3,male,34.5,0,0,6.4375,C,Third,man,True,Cherbourg,no,True
845,0,3,male,42.0,0,0,7.55,S,Third,man,True,Southampton,no,True
847,0,3,male,35.0,0,0,7.8958,C,Third,man,True,Cherbourg,no,True
848,0,2,male,28.0,0,1,33.0,S,Second,man,True,Southampton,no,False
850,0,3,male,4.0,4,2,31.275,S,Third,child,False,Southampton,no,False
852,0,3,female,9.0,1,1,15.2458,C,Third,child,False,Cherbourg,no,False
853,1,1,female,16.0,0,1,39.4,S,First,woman,False,Southampton,yes,False
854,0,2,female,44.0,1,0,26.0,S,Second,woman,False,Southampton,no,False
855,1,3,female,18.0,0,1,9.35,S,Third,woman,False,Southampton,yes,False
857,1,1,male,51.0,0,0,26.55,S,First,man,True,Southampton,yes,True
858,1,3,female,24.0,0,3,19.2583,C,Third,woman,False,Cherbourg,yes,False
860,0,3,male,41.0,2,0,14.1083,S,Third,man,True,Southampton,no,False
861,0,2,male,21.0,1,0,11.5,S,Second,man,True,Southampton,no,False
862,1,1,female,48.0,0,0,25.9292,S,First,woman,False,Southampton,yes,True
864,0,2,male,24.0,0,0,13.0,S,Second,man,True,Southampton,no,True
865,1,2,female,42.0,0,0,13.0,S,Second,woman,False,Southampton,yes,True
866,1,2,female,27.0,1,0,13.8583,C,Second,woman,False,Cherbourg,yes,False
867,0,1,male,31.0,0,0,50.4958,S,First,man,True,Southampton,no,True
868,0,3,male,29.69911764705882,0,0,9.5,S,Third,man,True,Southampton,no,True
869,1,3,male,4.0,1,1,11.1333,S,Third,child,False,Southampton,yes,False
871,1,1,female,47.0,1,1,52.5542,S,First,woman,False,Southampton,yes,False
872,0,1,male,33.0,0,0,5.0,S,First,man,True,Southampton,no,True
873,0,3,male,47.0,0,0,9.0,S,Third,man,True,Southampton,no,True
874,1,2,female,28.0,1,0,24.0,C,Second,woman,False,Cherbourg,yes,False
875,1,3,female,15.0,0,0,7.225,C,Third,child,False,Cherbourg,yes,True
876,0,3,male,20.0,0,0,9.8458,S,Third,man,True,Southampton,no,True
880,1,2,female,25.0,0,1,26.0,S,Second,woman,False,Southampton,yes,False
881,0,3,male,33.0,0,0,7.8958,S,Third,man,True,Southampton,no,True
882,0,3,female,22.0,0,0,10.5167,S,Third,woman,False,Southampton,no,True
883,0,2,male,28.0,0,0,10.5,S,Second,man,True,Southampton,no,True
885,0,3,female,39.0,0,5,29.125,Q,Third,woman,False,Queenstown,no,False
887,1,1,female,19.0,0,0,30.0,S,First,woman,False,Southampton,yes,True
888,0,3,female,29.69911764705882,1,2,23.45,S,Third,woman,False,Southampton,no,False
889,1,1,male,26.0,0,0,30.0,C,First,man,True,Cherbourg,yes,True
890,0,3,male,32.0,0,0,7.75,Q,Third,man,True,Queenstown,no,True
